Corpus,Train/Test,AVG Correct Sentences,STDDEV Correct Sentences,AVG Correct Tags,STDDEV CorrectTags
Brown,Test,0.252,0.1283744523,0.8206912773,0.0510883418
Brown,Train,0.7118947368,0.0070165281,0.9789214504,0.0004247313
WSJ,Test,0.041,0.0346258194,0.7731486256,0.0580624317
WSJ,Train,0.3763684211,0.0071022359,0.963286595,0.0008226668
